{
  "nome": "XGBoost",
  "rmse_teste": 10100.262331490949,
  "mae_teste": 1978.743068106596,
  "r2_teste": 0.24493076062194274,
  "mape_teste": 14.147629201235231
}